coeff,TMR,FMR
0.768671989440918,0.9000146070698218,0.04257960853052878
