coeff,TMR,FMR
0.6282491683959961,0.7000146070698218,0.008136137890739118
