coeff,TMR,FMR
0.6581268310546875,0.9000292141396435,0.04163014899211218
