coeff,TMR,FMR
0.5404815673828125,0.7000146070698218,0.007624890446976337
