coeff,TMR,FMR
0.6181192398071289,0.7,0.002445141065830721
