coeff,TMR,FMR
0.7383642196655273,0.9,0.02445141065830721
