coeff,TMR,FMR
0.5330047607421875,0.7001253918495298,0.00219435736677116
