coeff,TMR,FMR
0.6335296630859375,0.8999373040752351,0.019623824451410657
