coeff,TMR,FMR
0.40411376953125,0.7001086956521739,0.001956521739130435
