coeff,TMR,FMR
0.3913145065307617,0.7001086956521739,0.0014130434782608696
