coeff,TMR,FMR
0.6262750625610352,0.7,0.008165352030382706
