coeff,TMR,FMR
0.6376495361328125,0.9,0.0206269592476489
