coeff,TMR,FMR
0.5359344482421875,0.7000626959247649,0.0026959247648902823
