coeff,TMR,FMR
0.620295524597168,0.7001253918495298,0.0032601880877742946
