coeff,TMR,FMR
0.7451276779174805,0.9000626959247648,0.02238244514106583
