coeff,TMR,FMR
0.3641815185546875,0.7001086956521739,0.0007608695652173913
