coeff,TMR,FMR
0.3784332275390625,0.7001086956521739,0.0010869565217391304
