coeff,TMR,FMR
0.3568572998046875,0.6998913043478261,0.0007608695652173913
