coeff,TMR,FMR
0.7661428451538086,0.9000146070698218,0.04703476482617587
