coeff,TMR,FMR
0.5920114517211914,0.7000626959247649,0.004200626959247649
