coeff,TMR,FMR
0.36379337310791016,0.7001086956521739,0.0013043478260869566
