coeff,TMR,FMR
0.26507568359375,0.7001606777680397,0.008399065147531404
