coeff,TMR,FMR
0.3797922134399414,0.7001086956521739,0.0010869565217391304
