coeff,TMR,FMR
0.26495361328125,0.6997808939526731,0.00822378030966988
