coeff,TMR,FMR
0.4120941162109375,0.9,0.007282608695652174
