coeff,TMR,FMR
0.46234989166259766,0.9001086956521739,0.007065217391304348
