coeff,TMR,FMR
0.3410797119140625,0.7,0.0006521739130434783
